id,created,date,div,home,away,market,outcome,label,odds,stake,p_final,status,result,pnl,close_odds,clv,clv_novig,close_source,kind,system_id
20261006-INT-Belarus-Finland-H,2026-10-06,2026-10-06,INT,Belarus,Finland,1X2,H,主胜 Belarus,4.23,1.0,0.2433,settled,1-0 赢,3.23,3.94,0.0736,0.009,average,,
20261006-INT-Scotland-Slovenia-A,2026-10-06,2026-10-06,INT,Scotland,Slovenia,1X2,A,客胜 Slovenia,4.88,1.0,0.2112,settled,1-2 赢,3.88,4.15,0.1759,0.0998,average,,
20261010-SC1-InvernessC-Stenhousemuir-A,2026-10-09,2026-10-10,SC1,Inverness C,Stenhousemuir,1X2,A,客胜 Stenhousemuir,2.97,1.0,0.3471,open,,,,,,,,
20261010-SP1-Barcelona-Getafe-U25,2026-10-09,2026-10-10,SP1,Barcelona,Getafe,OU25,U25,小于 2.5 球,3.29,1.0,0.3132,open,,,,,,,,
20261010-E2-Doncaster-Burton-A,2026-10-09,2026-10-10,E2,Doncaster,Burton,1X2,A,客胜 Burton,4.27,1.0,0.2409,open,,,,,,,,
20261010-E3-Shrewsbury-Exeter-D,2026-10-09,2026-10-10,E3,Shrewsbury,Exeter,1X2,D,平局,3.06,1.0,0.3369,open,,,,,,,,
20261010-E0-Chelsea-Bournemouth-A,2026-10-09,2026-10-10,E0,Chelsea,Bournemouth,1X2,A,客胜 Bournemouth,4.3,1.0,0.2397,open,,,,,,,,
20261009-F2-Nancy-Guingamp-A,2026-10-09,2026-10-09,F2,Nancy,Guingamp,1X2,A,客胜 Guingamp,3.49,1.0,0.2955,settled,1-0 输,-1.0,,,,,,
20261009-D2-Braunschweig-HolsteinKiel-U25,2026-10-09,2026-10-09,D2,Braunschweig,Holstein Kiel,OU25,U25,小于 2.5 球,2.52,1.0,0.4088,settled,1-0 赢,1.52,,,,,,
20261009-F2-Montpellier-Grenoble-U25,2026-10-09,2026-10-09,F2,Montpellier,Grenoble,OU25,U25,小于 2.5 球,1.75,1.0,0.5877,settled,2-0 赢,0.75,,,,,,
20261009-D1-Dortmund-WerderBremen-U25,2026-10-09,2026-10-09,D1,Dortmund,Werder Bremen,OU25,U25,小于 2.5 球,3.09,1.0,0.333,settled,2-2 输,-1.0,,,,,,
20261009-P1-Moreirense-GilVicente-H,2026-10-09,2026-10-09,P1,Moreirense,Gil Vicente,1X2,H,主胜 Moreirense,3.4,1.0,0.3026,settled,0-1 输,-1.0,,,,,,
20261011-SP2-Mallorca-LasPalmas-U25,2026-10-10,2026-10-11,SP2,Mallorca,Las Palmas,OU25,U25,小于 2.5 球,1.76,1.0,0.585,open,,,,,,,single,
20261011-T1-Besiktas-Kocaelispor-U25,2026-10-10,2026-10-11,T1,Besiktas,Kocaelispor,OU25,U25,小于 2.5 球,2.06,1.0,0.4988,open,,,,,,,single,
20261011-B1-StGilloise-Oud-HeverleeLeuven-U25,2026-10-10,2026-10-11,B1,St. Gilloise,Oud-Heverlee Leuven,OU25,U25,小于 2.5 球,2.63,1.0,0.3914,open,,,,,,,single,
20261011-I1-Como-Roma-U25,2026-10-10,2026-10-11,I1,Como,Roma,OU25,U25,小于 2.5 球,2.22,1.0,0.465,open,,,,,,,single,
