pick_id,div,date,time,home,away,market,outcome,label,p_model,p_market,p_final,market_source,price_source,fair_odds,min_odds,best_odds,avg_odds,edge_best,stake,is_candidate,league,manual
20261006-INT-England-CzechRepublic-H,INT,2026-10-06,20:45,England,Czech Republic,1X2,H,主胜 England,0.7904429123048766,0.8539729315678027,0.8349139257889249,pinnacle,tipico,1.1977282557062183,1.5,1.08,,-0.09829296014796107,1.0,False,国家队,True
20261006-INT-England-CzechRepublic-D,INT,2026-10-06,20:45,England,Czech Republic,1X2,D,平局,0.1402942775211513,0.1003600667440794,0.11234032997720096,pinnacle,tipico,8.901522722987783,9.168568404677417,11.0,,0.2357436297492106,1.0,False,国家队,True
20261006-INT-England-CzechRepublic-A,INT,2026-10-06,20:45,England,Czech Republic,1X2,A,客胜 Czech Republic,0.06926281017397201,0.0456670016881178,0.05274574423387406,pinnacle,tipico,18.958875536308877,19.527641802398144,23.0,,0.21315211737910356,1.0,False,国家队,True
20261006-INT-Belarus-Finland-H,INT,2026-10-06,20:45,Belarus,Finland,1X2,H,主胜 Belarus,0.2588183078099255,0.22944864122795167,0.23825954120254378,pinnacle,tipico,4.197103691851328,4.323016802606867,4.5,,0.07216793541144706,1.0,True,国家队,True
20261006-INT-Belarus-Finland-D,INT,2026-10-06,20:45,Belarus,Finland,1X2,D,平局,0.29945034475370996,0.2941833675932045,0.2957634607413561,pinnacle,tipico,3.3810802642537907,3.4825126721814046,3.1,,-0.08313327170179596,1.0,False,国家队,True
20261006-INT-Belarus-Finland-A,INT,2026-10-06,20:45,Belarus,Finland,1X2,A,客胜 Finland,0.44173134743636483,0.47636799117884376,0.46597699805610004,pinnacle,tipico,2.146028675603442,2.210409535871545,1.9,,-0.11464370369340993,1.0,False,国家队,True
20261006-INT-Scotland-Slovenia-H,INT,2026-10-06,20:45,Scotland,Slovenia,1X2,H,主胜 Scotland,0.45720126177346976,0.5108434719540723,0.49475080889989154,pinnacle,tipico,2.02121953519098,2.0818561212467093,1.77,,-0.12429106824719194,1.0,False,国家队,True
20261006-INT-Scotland-Slovenia-D,INT,2026-10-06,20:45,Scotland,Slovenia,1X2,D,平局,0.30873881856740265,0.2841469768012013,0.2915245293310617,pinnacle,tipico,3.430243082098858,3.533150374561824,3.4,,-0.00881660027439024,1.0,False,国家队,True
20261006-INT-Scotland-Slovenia-A,INT,2026-10-06,20:45,Scotland,Slovenia,1X2,A,客胜 Slovenia,0.23405991965912756,0.20500955124472642,0.21372466176904675,pinnacle,tipico,4.678917218643729,4.819284735203041,5.0,,0.06862330884523371,1.0,True,国家队,True
20261006-INT-Croatia-Spain-H,INT,2026-10-06,20:45,Croatia,Spain,1X2,H,主胜 Croatia,0.20496539583856938,0.10960530672360053,0.13821333345809117,pinnacle,tipico,7.235191967229547,7.4522477262464335,10.0,,0.3821333345809117,1.0,False,国家队,True
20261006-INT-Croatia-Spain-D,INT,2026-10-06,20:45,Croatia,Spain,1X2,D,平局,0.2461442413673026,0.15655291310354275,0.1834303115826707,pinnacle,tipico,5.451661676697896,5.6152115269988325,6.2,,0.13726793181255847,1.0,False,国家队,True
20261006-INT-Croatia-Spain-A,INT,2026-10-06,20:45,Croatia,Spain,1X2,A,客胜 Spain,0.548890362794128,0.7338417801728566,0.678356354959238,pinnacle,tipico,1.4741514436908156,1.51837598700154,1.25,,-0.15205455630095255,1.0,False,国家队,True
