pick_id,div,date,time,home,away,market,outcome,label,p_model,p_market,p_final,market_source,price_source,fair_odds,min_odds,best_odds,avg_odds,edge_best,stake,is_candidate,naive_odds,league,manual
20261010-SC1-InvernessC-Stenhousemuir-A,SC1,2026-10-10,16:00,Inverness C,Stenhousemuir,1X2,A,客胜 Stenhousemuir,0.6085018750836382,0.23503473823416202,0.3470748792890048,average,tipico_partial,2.8812226400497076,2.9676593192511986,3.8,3.86,0.3188845412982182,1.0,True,,苏冠,False
20261010-SP1-Barcelona-Getafe-U25,SP1,2026-10-10,18:30,Barcelona,Getafe,OU25,U25,小于 2.5 球,0.4675802926101881,0.2470119521912351,0.31318245431692093,average,tipico_partial,3.1930268960344215,3.288817702915454,3.8,3.78,0.19009332640429943,1.0,True,,西甲,False
20261010-E3-Shrewsbury-Exeter-U25,E3,2026-10-10,16:00,Shrewsbury,Exeter,OU25,U25,小于 2.5 球,0.9115700604599857,0.557029177718833,0.6633914425411788,average,tipico_partial,1.5074056369636195,1.5526278060725283,1.67,1.67,0.10786370904376841,1.0,True,,英乙,False
20261010-E2-Doncaster-Burton-A,E2,2026-10-10,16:00,Doncaster,Burton,1X2,A,客胜 Burton,0.3367119068384825,0.19990423749102226,0.2409465382952603,average,tipico_partial,4.150298265645061,4.274807213614412,4.4,4.68,0.060164768499145316,1.0,True,,英甲,False
20261010-SC0-Hearts-StMirren-U25,SC0,2026-10-10,16:00,Hearts,St Mirren,OU25,U25,小于 2.5 球,0.5417447464390222,0.37343358395989973,0.42392693270363646,average,market_avg,2.358897071300471,2.4296639834394855,2.5,2.5,0.0598173317590911,1.0,True,,苏超,False
20261011-SP2-Mallorca-LasPalmas-U25,SP2,2026-10-11,18:30,Mallorca,Las Palmas,OU25,U25,小于 2.5 球,0.8524191983506257,0.4704301075268817,0.5850268347740049,average,market_avg,1.7093233003342467,1.760602999344274,1.97,1.97,0.15250286450478945,1.0,True,,西乙,False
20261011-T1-Besiktas-Kocaelispor-U25,T1,2026-10-11,18:00,Besiktas,Kocaelispor,OU25,U25,小于 2.5 球,0.696651382408212,0.41406249999999994,0.4988391647224636,average,market_avg,2.0046541465050454,2.064793770900197,2.25,2.25,0.12238812062554305,1.0,True,,土超,False
20261011-B1-StGilloise-Oud-HeverleeLeuven-U25,B1,2026-10-11,16:00,St. Gilloise,Oud-Heverlee Leuven,OU25,U25,小于 2.5 球,0.4944664703582664,0.34718826405867975,0.39137172594855574,average,market_avg,2.5551155939441728,2.631769061762498,2.67,2.67,0.0449625082826437,1.0,True,,比甲,False
20261011-I1-Como-Roma-U25,I1,2026-10-11,12:30,Como,Roma,OU25,U25,小于 2.5 球,0.5690213058885869,0.42036553524804177,0.46496226644020533,average,market_avg,2.150712159195398,2.21523352397126,2.22,2.22,0.03221623149725583,1.0,True,,意甲,False
